{"train": 1028, "test": 257, "class_counts": {"MASUK": 227, "TIDAK MASUK": 801}, "total_train": 1028, "cond_probs": {"kategori_jarak_asal": {"MASUK": {"Dekat": 0.5347826086956522, "Sedang": 0.05652173913043478, "Jauh": 0.40869565217391307}, "TIDAK MASUK": {"Dekat": 0.41044776119402987, "Sedang": 0.09825870646766169, "Jauh": 0.49129353233830847}}, "tingkat_follow_up_internal": {"MASUK": {"Belum Dihubungi": 0.8528138528138528, "Follow Up Intensif": 0.047619047619047616, "Kontak Awal": 0.06060606060606061, "Follow Up": 0.03896103896103896}, "TIDAK MASUK": {"Belum Dihubungi": 0.8720496894409938, "Follow Up Intensif": 0.06086956521739131, "Kontak Awal": 0.04596273291925466, "Follow Up": 0.02111801242236025}}, "status_test": {"MASUK": {"Sudah_Tes": 0.9956331877729258, "Belum_Tes": 0.004366812227074236}, "TIDAK MASUK": {"Sudah_Tes": 0.09838107098381071, "Belum_Tes": 0.9016189290161893}}, "kategori_nilai_test": {"MASUK": {"Tidak_Ada_Nilai": 0.004347826086956522, "Nilai_Sedang": 0.05217391304347826, "Nilai_Tinggi": 0.9434782608695652}, "TIDAK MASUK": {"Tidak_Ada_Nilai": 0.9054726368159204, "Nilai_Sedang": 0.009950248756218905, "Nilai_Tinggi": 0.0845771144278607}}, "kategori_penghasilan": {"MASUK": {"Tidak Diketahui": 0.27896995708154504, "Rp.1.000.000 - Rp.2.000.000": 0.06866952789699571, "Rp.4.000.001 - Rp.6.000.000": 0.12875536480686695, "Rp.2.000.001 - Rp.4.000.000": 0.18454935622317598, "Dibawah Rp.1.000.000": 0.060085836909871244, "Diatas Rp.6.000.000": 0.27896995708154504}, "TIDAK MASUK": {"Tidak Diketahui": 0.9814126394052045, "Rp.1.000.000 - Rp.2.000.000": 0.0012391573729863693, "Rp.4.000.001 - Rp.6.000.000": 0.004956629491945477, "Rp.2.000.001 - Rp.4.000.000": 0.0012391573729863693, "Dibawah Rp.1.000.000": 0.0024783147459727386, "Diatas Rp.6.000.000": 0.008674101610904586}}}, "tp": 74, "tn": 167, "fp": 16, "fn": 0, "acc": 93.77431906614785, "prec": 82.22222222222221, "rec": 100.0, "f1": 90.24390243902437}
